{"cameraMode":{"drawMode":0,"name":"Shaded","section":"Shading Mode"},"sceneLighting":true,"audioPlay":false,"sceneViewState":{"m_AlwaysRefresh":false,"showFog":true,"showSkybox":true,"showFlares":true,"showImageEffects":true,"showParticleSystems":true,"showVisualEffectGraphs":true,"m_FxEnabled":true},"in2DMode":false,"pivot":{"x":-0.9877398610115051,"y":1.1703104972839356,"z":-2.3002400398254396},"rotation":{"x":-0.09456943720579148,"y":-0.19608746469020844,"z":0.01900423876941204,"w":-0.9758344888687134},"size":3.9393529891967775,"orthographic":false}